"","plot.id","easting","northing","scam","ivfr","c4","phau","spcy","tyla","dead","bare_water","band2","band3","band4","band5","ndvi","evi","ndwi","savi"
"1",1,365375.931,4304068.981,5,0,0,0,0,1,0,0,340,503,506,1034,0.342857142857143,0.86899275839368,-0.345478204294079,0.513785274083685
"2",4,365436.058,4304008.928,6,0,0,0,0,1,2,0,194,434,252,3293,0.857827926657264,2.27008062108092,-0.767104910115374,1.28619765966446
"3",4,365436.058,4304008.928,0,4,0,4,0,0,0,0,194,434,252,3293,0.857827926657264,2.27008062108092,-0.767104910115374,1.28619765966446
"4",5,365435.93,4304029.066,0,5,0,0,5,0,2,0,194,434,252,3293,0.857827926657264,2.27008062108092,-0.767104910115374,1.28619765966446
"5",5,365435.93,4304029.066,0,0,0,0,0,0,0,0,194,434,252,3293,0.857827926657264,2.27008062108092,-0.767104910115374,1.28619765966446
"6",6,365436.097,4304048.939,0,0,0,0,0,0,0,0,180,429,242,3199,0.859343214181924,2.24015151515152,-0.763506063947078,1.28845315904139
"7",6,365436.097,4304048.939,2,4,0,0,0,0,0,0,180,429,242,3199,0.859343214181924,2.24015151515152,-0.763506063947078,1.28845315904139
"8",8,365455.989,4304009.022,1,5,0,4,3,0,0,2,194,434,252,3293,0.857827926657264,2.27008062108092,-0.767104910115374,1.28619765966446
"9",9,365455.966,4304028.954,0,0,0,0,0,0,0,0,194,434,252,3293,0.857827926657264,2.27008062108092,-0.767104910115374,1.28619765966446
"10",9,365455.966,4304028.954,1,5,0,4,3,0,0,2,194,434,252,3293,0.857827926657264,2.27008062108092,-0.767104910115374,1.28619765966446
"11",9,365455.966,4304028.954,1,3,0,0,4,0,2,5,194,434,252,3293,0.857827926657264,2.27008062108092,-0.767104910115374,1.28619765966446
"12",10,365455.973,4304049.018,2,4,0,0,0,0,0,0,180,429,242,3199,0.859343214181924,2.24015151515152,-0.763506063947078,1.28845315904139
"13",10,365455.973,4304049.018,1,4,0,0,3,0,0,4,180,429,242,3199,0.859343214181924,2.24015151515152,-0.763506063947078,1.28845315904139
"14",11,365456.016,4304068.914,1,4,0,0,3,0,0,4,271,496,421,1581,0.579420579420579,1.3986013986014,-0.522388059701492,0.868480159720489
"15",11,365456.016,4304068.914,3,0,0,0,5,0,0,4,271,496,421,1581,0.579420579420579,1.3986013986014,-0.522388059701492,0.868480159720489
"16",12,365476.041,4304008.875,1,5,0,4,3,0,0,2,167,465,251,2910,0.841189496994622,2.10197628458498,-0.724444444444444,1.26118577075099
"17",12,365476.041,4304008.875,4,2,3,0,0,0,3,2,167,465,251,2910,0.841189496994622,2.10197628458498,-0.724444444444444,1.26118577075099
"18",12,365476.041,4304008.875,2,5,3,0,2,0,1,5,167,465,251,2910,0.841189496994622,2.10197628458498,-0.724444444444444,1.26118577075099
"19",13,365476.203,4304029.013,2,5,1,0,4,0,2,0,167,465,251,2910,0.841189496994622,2.10197628458498,-0.724444444444444,1.26118577075099
"20",14,365475.939,4304048.999,1,4,0,0,3,0,0,4,261,515,426,1705,0.600187705302675,1.38870792616721,-0.536036036036036,0.899648300117233
"21",14,365475.939,4304048.999,2,5,1,0,4,0,2,0,261,515,426,1705,0.600187705302675,1.38870792616721,-0.536036036036036,0.899648300117233
"22",14,365475.939,4304048.999,0,1,0,6,0,0,3,2,261,515,426,1705,0.600187705302675,1.38870792616721,-0.536036036036036,0.899648300117233
"23",15,365475.997,4304068.978,3,0,0,0,5,0,0,4,542,755,746,644,-0.0733812949640288,-0.241935483870968,0.0793423874195854,-0.1099532878189
"24",15,365475.997,4304068.978,1,5,0,4,0,0,2,0,542,755,746,644,-0.0733812949640288,-0.241935483870968,0.0793423874195854,-0.1099532878189
"25",16,365478.111,4304088.951,1,5,0,4,0,0,2,0,542,755,746,644,-0.0733812949640288,-0.241935483870968,0.0793423874195854,-0.1099532878189
"26",16,365478.111,4304088.951,2,3,0,0,4,0,0,4,542,755,746,644,-0.0733812949640288,-0.241935483870968,0.0793423874195854,-0.1099532878189
"27",17,365496.016,4304009.074,0,6,0,0,0,0,0,0,183,459,271,2746,0.820351342393106,2.06353176588294,-0.713572542901716,1.22991552095412
"28",18,365496.016,4304028.958,0,6,0,0,0,0,0,0,183,459,271,2746,0.820351342393106,2.06353176588294,-0.713572542901716,1.22991552095412
"29",18,365496.016,4304028.958,0,5,3,0,0,0,0,0,183,459,271,2746,0.820351342393106,2.06353176588294,-0.713572542901716,1.22991552095412
"30",19,365495.89,4304049.043,0,1,0,6,0,0,3,2,166,480,274,2821,0.822940226171244,1.97809878844362,-0.709179036655559,1.23381236880349
"31",19,365495.89,4304049.043,3,5,0,0,0,0,0,0,166,480,274,2821,0.822940226171244,1.97809878844362,-0.709179036655559,1.23381236880349
"32",20,365496.002,4304068.948,1,5,0,4,0,0,2,0,254,531,459,1757,0.585740072202166,1.24568138195777,-0.535839160839161,0.878015783540023
"33",20,365496.002,4304068.948,3,5,0,0,0,0,0,0,254,531,459,1757,0.585740072202166,1.24568138195777,-0.535839160839161,0.878015783540023
"34",20,365496.002,4304068.948,3,2,3,0,0,0,4,0,254,531,459,1757,0.585740072202166,1.24568138195777,-0.535839160839161,0.878015783540023
"35",21,365496.085,4304089.029,2,3,0,0,4,0,0,4,254,531,459,1757,0.585740072202166,1.24568138195777,-0.535839160839161,0.878015783540023
"36",21,365496.085,4304089.029,3,2,3,0,0,0,4,0,254,531,459,1757,0.585740072202166,1.24568138195777,-0.535839160839161,0.878015783540023
"37",21,365496.085,4304089.029,0,3,4,0,0,0,0,0,254,531,459,1757,0.585740072202166,1.24568138195777,-0.535839160839161,0.878015783540023
"38",22,365498.319,4304108.88,0,3,4,0,0,0,0,0,496,775,775,842,0.04143475572047,0.0945793337097685,-0.04143475572047,0.06209453197405
"39",23,365516.40375,4303988.55125,0,5,4,0,0,0,0,0,182,407,267,2685,0.819105691056911,2.06949674768915,-0.736739974126779,1.22803453529711
"40",23,365516.40375,4303988.55125,3,0,4,0,0,0,3,0,182,407,267,2685,0.819105691056911,2.06949674768915,-0.736739974126779,1.22803453529711
"41",23,365516.40375,4303988.55125,4,0,4,0,0,0,3,2,182,407,267,2685,0.819105691056911,2.06949674768915,-0.736739974126779,1.22803453529711
"42",24,365516.7155,4304008.61775,4,0,4,0,0,0,3,2,183,459,271,2746,0.820351342393106,2.06353176588294,-0.713572542901716,1.22991552095412
"43",24,365516.7155,4304008.61775,3,0,3,0,0,0,4,0,183,459,271,2746,0.820351342393106,2.06353176588294,-0.713572542901716,1.22991552095412
"44",26,365515.505,4304048.736,3,5,0,0,0,0,0,0,166,480,274,2821,0.822940226171244,1.97809878844362,-0.709179036655559,1.23381236880349
"45",26,365515.505,4304048.736,2,4,2,0,0,0,4,0,166,480,274,2821,0.822940226171244,1.97809878844362,-0.709179036655559,1.23381236880349
"46",27,365515.542,4304070.027,3,2,3,0,0,0,4,0,254,531,459,1757,0.585740072202166,1.24568138195777,-0.535839160839161,0.878015783540023
"47",27,365515.542,4304070.027,0,2,4,0,0,0,4,0,254,531,459,1757,0.585740072202166,1.24568138195777,-0.535839160839161,0.878015783540023
"48",28,365516.31675,4304089.335,0,3,4,0,0,0,3,0,496,775,775,842,0.04143475572047,0.0945793337097685,-0.04143475572047,0.06209453197405
"49",29,365516.03175,4304109.48075,0,0,0,5,0,0,2,0,496,775,775,842,0.04143475572047,0.0945793337097685,-0.04143475572047,0.06209453197405
"50",30,365535.055,4303948.271,3,0,2,0,0,0,5,0,227,482,345,3309,0.811165845648604,2.01605223779078,-0.745713532049591,1.21624948707427
"51",30,365535.055,4303948.271,3,0,4,0,0,0,4,0,227,482,345,3309,0.811165845648604,2.01605223779078,-0.745713532049591,1.21624948707427
"52",32,365536.309,4303989.341,4,0,4,0,0,0,3,2,246,483,382,2664,0.749179251477347,1.83440514469453,-0.6930409914204,1.12321575061526
"53",32,365536.309,4303989.341,4,0,4,0,0,0,4,0,246,483,382,2664,0.749179251477347,1.83440514469453,-0.6930409914204,1.12321575061526
"54",33,365536.658,4304009.147,3,0,4,0,0,0,4,0,238,519,390,2753,0.751829462297168,1.78636226186876,-0.682762836185819,1.12720623310542
"55",34,365536.5378,4304029.0484,3,0,4,0,0,0,4,0,238,519,390,2753,0.751829462297168,1.78636226186876,-0.682762836185819,1.12720623310542
"56",35,365535.747,4304069.018,0,2,4,0,0,0,4,0,152,495,342,2782,0.781049935979513,1.6517736257785,-0.697894415624046,1.17101263797792
"57",35,365535.747,4304069.018,0,5,0,5,0,0,2,0,152,495,342,2782,0.781049935979513,1.6517736257785,-0.697894415624046,1.17101263797792
"58",36,365536.004,4304089.144,0,4,0,4,0,0,2,0,300,566,453,2265,0.666666666666667,1.65812591508053,-0.600141292829389,0.999448428019857
"59",37,365535.849,4304109.311,0,0,0,5,0,0,2,0,300,566,453,2265,0.666666666666667,1.65812591508053,-0.600141292829389,0.999448428019857
"60",37,365535.849,4304109.311,0,0,0,6,0,0,1,0,300,566,453,2265,0.666666666666667,1.65812591508053,-0.600141292829389,0.999448428019857
"61",38,365536.306,4304128.04,0,0,0,6,0,0,1,0,508,767,747,924,0.105924596050269,0.27742946708464,-0.0928444707273803,0.158744394618834
"62",39,365555.966,4303869.041,4,0,1,0,0,0,2,2,179,408,276,3477,0.852917665867306,2.11175616835994,-0.78996138996139,1.27886536156612
"63",40,365555.916,4303889.089,4,0,1,0,0,0,2,2,185,423,257,3962,0.878170182507703,2.25063783258413,-0.807069555302167,1.31678711053193
"64",41,365555.776,4303948.999,2,0,3,0,0,0,4,0,321,624,552,2929,0.682849755817294,1.55055446836269,-0.648747537292429,1.02383345297918
"65",42,365556.175,4304008.864,2,0,4,0,0,0,4,0,238,519,390,2753,0.751829462297168,1.78636226186876,-0.682762836185819,1.12720623310542
"66",42,365556.175,4304008.864,2,0,4,0,0,0,4,0,238,519,390,2753,0.751829462297168,1.78636226186876,-0.682762836185819,1.12720623310542
"67",43,365555.848,4304029.036,3,0,4,0,0,0,4,0,247,541,434,2603,0.714191636483372,1.61696734754734,-0.655852417302799,1.07075859799243
"68",43,365555.848,4304029.036,2,0,4,0,0,0,4,0,247,541,434,2603,0.714191636483372,1.61696734754734,-0.655852417302799,1.07075859799243
"69",43,365555.848,4304029.036,2,5,4,0,0,0,1,0,247,541,434,2603,0.714191636483372,1.61696734754734,-0.655852417302799,1.07075859799243
"70",44,365557.225,4304048.593,2,5,4,0,0,0,1,0,247,541,434,2603,0.714191636483372,1.61696734754734,-0.655852417302799,1.07075859799243
"71",44,365557.225,4304048.593,0,4,0,4,0,0,0,5,247,541,434,2603,0.714191636483372,1.61696734754734,-0.655852417302799,1.07075859799243
"72",45,365556.431,4304068.797,0,4,0,4,0,0,0,5,220,491,371,2514,0.742807625649913,1.73438005827129,-0.673211314475874,1.11363242681448
"73",45,365556.431,4304068.797,0,1,0,5,0,0,5,0,220,491,371,2514,0.742807625649913,1.73438005827129,-0.673211314475874,1.11363242681448
"74",46,365555.149,4304088.725,0,4,0,4,0,0,2,0,251,512,318,3025,0.809751720011965,2.21921626496147,-0.710489115069268,1.21408282254448
"75",46,365555.149,4304088.725,0,1,0,5,0,0,5,0,251,512,318,3025,0.809751720011965,2.21921626496147,-0.710489115069268,1.21408282254448
"76",46,365555.149,4304088.725,0,0,0,6,0,0,3,0,251,512,318,3025,0.809751720011965,2.21921626496147,-0.710489115069268,1.21408282254448
"77",47,365555.711,4304109.139,0,0,0,6,0,0,1,0,251,512,318,3025,0.809751720011965,2.21921626496147,-0.710489115069268,1.21408282254448
"78",47,365555.711,4304109.139,0,0,0,6,0,0,2,0,251,512,318,3025,0.809751720011965,2.21921626496147,-0.710489115069268,1.21408282254448
"79",48,365556.802,4304129.265,0,5,2,3,0,0,2,0,303,517,390,2459,0.726219726219726,2.04810928529004,-0.65255376344086,1.08875635853359
"80",49,365579.312,4303828.03,3,0,0,1,0,2,2,3,200,346,352,1808,0.674074074074074,1.50475403059115,-0.678737233054782,1.01040943789035
"81",49,365579.312,4303828.03,4,0,1,0,0,0,0,5,200,346,352,1808,0.674074074074074,1.50475403059115,-0.678737233054782,1.01040943789035
"82",50,365575.218,4303848.926,5,0,1,0,0,0,2,3,151,417,205,4183,0.906563354603464,2.32386961093586,-0.818695652173913,1.35938033944641
"83",50,365575.218,4303848.926,4,0,1,0,0,0,0,5,151,417,205,4183,0.906563354603464,2.32386961093586,-0.818695652173913,1.35938033944641
"84",50,365575.218,4303848.926,3,0,0,0,0,0,2,5,151,417,205,4183,0.906563354603464,2.32386961093586,-0.818695652173913,1.35938033944641
"85",51,365575.691,4303868.805,4,0,1,0,0,0,2,2,179,408,276,3477,0.852917665867306,2.11175616835994,-0.78996138996139,1.27886536156612
"86",51,365575.691,4303868.805,3,0,0,0,0,0,2,5,179,408,276,3477,0.852917665867306,2.11175616835994,-0.78996138996139,1.27886536156612
"87",51,365575.691,4303868.805,3,0,1,0,0,0,0,5,179,408,276,3477,0.852917665867306,2.11175616835994,-0.78996138996139,1.27886536156612
"88",52,365576.176,4303889.19,4,0,2,0,0,0,4,3,356,563,614,2134,0.553129548762737,1.20749920559263,-0.582499073044123,0.82924168030551
"89",54,365576.257,4303948.916,4,0,2,0,0,0,5,2,321,624,552,2929,0.682849755817294,1.55055446836269,-0.648747537292429,1.02383345297918
"90",55,365575.835,4303969.116,5,0,1,0,0,0,5,0,334,568,517,2665,0.675047140163419,1.64673413063477,-0.648623569440148,1.01209360766452
"91",55,365575.835,4303969.116,4,0,3,0,0,0,0,5,334,568,517,2665,0.675047140163419,1.64673413063477,-0.648623569440148,1.01209360766452
"92",56,365576.143,4303989.047,4,0,3,0,0,0,0,5,334,568,517,2665,0.675047140163419,1.64673413063477,-0.648623569440148,1.01209360766452
"93",56,365576.143,4303989.047,2,1,4,0,0,0,4,0,334,568,517,2665,0.675047140163419,1.64673413063477,-0.648623569440148,1.01209360766452
"94",57,365575.834,4304009.043,2,0,4,0,0,0,4,0,238,519,390,2753,0.751829462297168,1.78636226186876,-0.682762836185819,1.12720623310542
"95",57,365575.834,4304009.043,2,1,4,0,0,0,4,0,238,519,390,2753,0.751829462297168,1.78636226186876,-0.682762836185819,1.12720623310542
"96",57,365575.834,4304009.043,1,2,5,0,0,0,3,0,238,519,390,2753,0.751829462297168,1.78636226186876,-0.682762836185819,1.12720623310542
"97",58,365576.105,4304029.218,2,4,3,0,0,0,3,0,247,541,434,2603,0.714191636483372,1.61696734754734,-0.655852417302799,1.07075859799243
"98",59,365576.032,4304049.431,0,4,0,4,0,0,0,5,247,541,434,2603,0.714191636483372,1.61696734754734,-0.655852417302799,1.07075859799243
"99",59,365576.032,4304049.431,4,0,3,0,0,0,4,0,247,541,434,2603,0.714191636483372,1.61696734754734,-0.655852417302799,1.07075859799243
"100",60,365576.133,4304069.037,2,3,5,2,0,0,2,0,220,491,371,2514,0.742807625649913,1.73438005827129,-0.673211314475874,1.11363242681448
"101",61,365575.98,4304089.159,0,0,0,5,0,0,2,2,251,512,318,3025,0.809751720011965,2.21921626496147,-0.710489115069268,1.21408282254448
"102",62,365575.787,4304109.004,0,0,0,6,0,0,2,0,251,512,318,3025,0.809751720011965,2.21921626496147,-0.710489115069268,1.21408282254448
"103",62,365575.787,4304109.004,0,0,0,5,0,0,2,2,251,512,318,3025,0.809751720011965,2.21921626496147,-0.710489115069268,1.21408282254448
"104",62,365575.787,4304109.004,0,0,4,3,0,0,3,0,251,512,318,3025,0.809751720011965,2.21921626496147,-0.710489115069268,1.21408282254448
"105",63,365575.9,4304128.84,0,5,2,3,0,0,2,0,303,517,390,2459,0.726219726219726,2.04810928529004,-0.65255376344086,1.08875635853359
"106",63,365575.9,4304128.84,0,0,4,3,0,0,3,0,303,517,390,2459,0.726219726219726,2.04810928529004,-0.65255376344086,1.08875635853359
"107",63,365575.9,4304128.84,4,0,3,0,0,0,4,0,303,517,390,2459,0.726219726219726,2.04810928529004,-0.65255376344086,1.08875635853359
"108",64,365576.077,4304148.795,4,0,3,0,0,0,4,0,604,835,867,572,-0.205003474635163,-0.593322606596943,0.186922530206112,-0.307185005206525
"109",64,365576.077,4304148.795,4,0,4,0,0,0,5,0,604,835,867,572,-0.205003474635163,-0.593322606596943,0.186922530206112,-0.307185005206525
"110",65,365576.054,4304169.092,2,0,3,5,0,0,0,5,604,835,867,572,-0.205003474635163,-0.593322606596943,0.186922530206112,-0.307185005206525
"111",65,365576.054,4304169.092,4,0,4,0,0,0,5,0,604,835,867,572,-0.205003474635163,-0.593322606596943,0.186922530206112,-0.307185005206525
"112",65,365576.054,4304169.092,2,0,5,1,0,0,2,0,604,835,867,572,-0.205003474635163,-0.593322606596943,0.186922530206112,-0.307185005206525
"113",66,365576.175,4304188.999,0,0,0,5,0,0,0,5,670,972,1021,719,-0.173563218390805,-0.415063221550302,0.149615612063868,-0.260120585701981
"114",66,365576.175,4304188.999,2,0,5,1,0,0,2,0,670,972,1021,719,-0.173563218390805,-0.415063221550302,0.149615612063868,-0.260120585701981
"115",66,365576.175,4304188.999,0,0,5,1,0,0,4,0,670,972,1021,719,-0.173563218390805,-0.415063221550302,0.149615612063868,-0.260120585701981
"116",67,365578.696,4304209.236,0,0,0,6,0,0,0,0,628,905,924,588,-0.222222222222222,-0.591133004926108,0.212324179504354,-0.333002973240833
"117",68,365595.569,4303828.57,4,0,1,0,0,0,0,5,200,346,352,1808,0.674074074074074,1.50475403059115,-0.678737233054782,1.01040943789035
"118",68,365595.569,4303828.57,4,0,1,0,0,0,5,0,200,346,352,1808,0.674074074074074,1.50475403059115,-0.678737233054782,1.01040943789035
"119",68,365595.569,4303828.57,4,0,1,0,0,0,4,2,200,346,352,1808,0.674074074074074,1.50475403059115,-0.678737233054782,1.01040943789035
"120",69,365596.031,4303849.009,4,0,1,0,0,0,2,5,200,346,352,1808,0.674074074074074,1.50475403059115,-0.678737233054782,1.01040943789035
"121",70,365595.833,4303868.926,5,0,1,0,0,0,3,5,261,434,435,2201,0.669954476479514,1.54776511831727,-0.670588235294118,1.00436018957346
"122",71,365595.773,4303889.084,4,0,2,0,0,0,4,3,356,563,614,2134,0.553129548762737,1.20749920559263,-0.582499073044123,0.82924168030551
"123",71,365595.773,4303889.084,5,0,1,0,0,0,3,5,356,563,614,2134,0.553129548762737,1.20749920559263,-0.582499073044123,0.82924168030551
"124",71,365595.773,4303889.084,4,0,1,0,0,0,0,6,356,563,614,2134,0.553129548762737,1.20749920559263,-0.582499073044123,0.82924168030551
"125",72,365595.832,4303909.26,3,0,2,0,0,0,5,0,356,563,614,2134,0.553129548762737,1.20749920559263,-0.582499073044123,0.82924168030551
"126",72,365595.832,4303909.26,4,0,3,0,0,0,5,0,356,563,614,2134,0.553129548762737,1.20749920559263,-0.582499073044123,0.82924168030551
"127",74,365596.164,4303968.903,4,0,3,0,0,0,0,5,279,522,499,2341,0.648591549295775,1.42063859324387,-0.635347537548027,0.972373746260778
"128",74,365596.164,4303968.903,3,0,4,0,0,0,0,0,279,522,499,2341,0.648591549295775,1.42063859324387,-0.635347537548027,0.972373746260778
"129",74,365596.164,4303968.903,2,2,5,0,0,0,0,0,279,522,499,2341,0.648591549295775,1.42063859324387,-0.635347537548027,0.972373746260778
"130",75,365596.409,4303989.383,3,1,4,0,0,0,5,4,279,522,499,2341,0.648591549295775,1.42063859324387,-0.635347537548027,0.972373746260778
"131",76,365595.865,4304009.268,1,2,5,0,0,0,3,0,292,585,521,2759,0.682317073170732,1.51461829994586,-0.65011961722488,1.02300777083651
"132",76,365595.865,4304009.268,4,3,1,0,0,0,0,4,292,585,521,2759,0.682317073170732,1.51461829994586,-0.65011961722488,1.02300777083651
"133",77,365595.971,4304029.098,3,0,4,0,0,0,5,0,269,532,419,2677,0.729328165374677,1.77935382190701,-0.668432533499533,1.09346246973366
"134",78,365595.865,4304049.094,4,0,3,0,0,0,4,0,269,532,419,2677,0.729328165374677,1.77935382190701,-0.668432533499533,1.09346246973366
"135",78,365595.865,4304049.094,3,2,3,0,0,0,5,0,269,532,419,2677,0.729328165374677,1.77935382190701,-0.668432533499533,1.09346246973366
"136",79,365595.989,4304068.992,2,3,5,2,0,0,2,0,251,458,338,2363,0.749722325064791,2.01894317048853,-0.675292449485998,1.12395929694727
"137",79,365595.989,4304068.992,3,2,3,0,0,0,5,0,251,458,338,2363,0.749722325064791,2.01894317048853,-0.675292449485998,1.12395929694727
"138",79,365595.989,4304068.992,4,0,4,0,0,0,5,0,251,458,338,2363,0.749722325064791,2.01894317048853,-0.675292449485998,1.12395929694727
"139",80,365596.153,4304089.076,4,1,4,0,0,0,5,0,277,475,344,2567,0.763655101339746,2.17727717923604,-0.687705456936226,1.14489270386266
"140",81,365595.971,4304109.109,4,1,4,0,0,0,5,0,277,475,344,2567,0.763655101339746,2.17727717923604,-0.687705456936226,1.14489270386266
"141",81,365595.971,4304109.109,3,0,3,0,0,0,5,0,277,475,344,2567,0.763655101339746,2.17727717923604,-0.687705456936226,1.14489270386266
"142",82,365595.909,4304129.15,4,0,3,0,0,0,4,0,301,546,446,2790,0.724351050679852,1.8269680436477,-0.672661870503597,1.08602316602317
"143",82,365595.909,4304129.15,4,4,0,0,0,0,4,0,301,546,446,2790,0.724351050679852,1.8269680436477,-0.672661870503597,1.08602316602317
"144",83,365596.095,4304149.174,2,6,2,0,0,0,2,0,408,612,555,1698,0.507323568575233,1.45271987798678,-0.47012987012987,0.760479041916168
"145",84,365595.921,4304169.104,2,0,5,1,0,0,2,0,408,612,555,1698,0.507323568575233,1.45271987798678,-0.47012987012987,0.760479041916168
"146",84,365595.921,4304169.104,2,6,2,0,0,0,2,0,408,612,555,1698,0.507323568575233,1.45271987798678,-0.47012987012987,0.760479041916168
"147",84,365595.921,4304169.104,3,3,3,0,0,0,5,0,408,612,555,1698,0.507323568575233,1.45271987798678,-0.47012987012987,0.760479041916168
"148",85,365596.034,4304189.147,0,0,5,1,0,0,4,0,468,720,684,1513,0.377332726445152,0.984093067426401,-0.3551276309897,0.565612917898567
"149",85,365596.034,4304189.147,0,1,6,1,0,0,5,0,468,720,684,1513,0.377332726445152,0.984093067426401,-0.3551276309897,0.565612917898567
"150",86,365596.279,4304209.131,0,1,6,1,0,0,5,0,440,652,593,1482,0.428433734939759,1.27803335250144,-0.388940955951265,0.642186371297857
"151",86,365596.279,4304209.131,0,2,5,4,0,0,0,0,440,652,593,1482,0.428433734939759,1.27803335250144,-0.388940955951265,0.642186371297857
"152",87,365595.937,4304228.975,0,2,5,4,0,0,0,0,440,652,593,1482,0.428433734939759,1.27803335250144,-0.388940955951265,0.642186371297857
"153",88,365615.905,4303828.846,4,0,1,0,0,0,4,2,211,337,374,1560,0.613236814891417,1.33528484575546,-0.644702161307327,0.919142340480496
"154",88,365615.905,4303828.846,5,0,4,0,0,0,2,4,211,337,374,1560,0.613236814891417,1.33528484575546,-0.644702161307327,0.919142340480496
"155",88,365615.905,4303828.846,5,0,1,0,0,0,3,3,211,337,374,1560,0.613236814891417,1.33528484575546,-0.644702161307327,0.919142340480496
"156",89,365615.967,4303848.961,4,0,2,0,0,0,2,5,211,337,374,1560,0.613236814891417,1.33528484575546,-0.644702161307327,0.919142340480496
"157",90,365615.894,4303868.833,5,0,1,0,0,0,3,5,233,359,402,1526,0.58298755186722,1.2833980360813,-0.619098143236074,0.873801502980047
"158",90,365615.894,4303868.833,4,0,2,0,0,0,2,5,233,359,402,1526,0.58298755186722,1.2833980360813,-0.619098143236074,0.873801502980047
"159",90,365615.894,4303868.833,5,0,1,0,0,0,3,5,233,359,402,1526,0.58298755186722,1.2833980360813,-0.619098143236074,0.873801502980047
"160",91,365616.484,4303889.316,1,0,0,0,0,0,0,6,318,501,553,1888,0.546907005325686,1.18351063829787,-0.580577647551277,0.81985670419652
"161",92,365615.816,4303908.849,4,0,3,0,0,0,5,0,318,501,553,1888,0.546907005325686,1.18351063829787,-0.580577647551277,0.81985670419652
"162",92,365615.816,4303908.849,3,0,5,0,0,0,3,2,318,501,553,1888,0.546907005325686,1.18351063829787,-0.580577647551277,0.81985670419652
"163",93,365616.166,4303928.246,3,0,5,0,0,0,3,2,345,572,579,2224,0.58687120941848,1.32255989708956,-0.590844062947067,0.879835977892672
"164",94,365615.971,4303969.094,2,2,5,0,0,0,0,0,235,451,399,2102,0.680927628948421,1.55809698078683,-0.646690168429299,1.02077922077922
"165",94,365615.971,4303969.094,3,0,1,0,0,0,3,4,235,451,399,2102,0.680927628948421,1.55809698078683,-0.646690168429299,1.02077922077922
"166",94,365615.971,4303969.094,3,5,1,1,0,0,2,0,235,451,399,2102,0.680927628948421,1.55809698078683,-0.646690168429299,1.02077922077922
"167",95,365616.049,4303989.082,3,4,3,0,0,0,0,3,235,451,399,2102,0.680927628948421,1.55809698078683,-0.646690168429299,1.02077922077922
"168",96,365615.93,4304009.05,3,4,3,0,0,0,0,3,282,556,485,2684,0.693909750710003,1.58064979873491,-0.65679012345679,1.040372181044
"169",96,365615.93,4304009.05,4,0,1,0,0,0,4,2,282,556,485,2684,0.693909750710003,1.58064979873491,-0.65679012345679,1.040372181044
"170",97,365615.814,4304029.048,3,0,4,0,0,0,5,0,302,608,541,2680,0.66407947842285,1.46106557377049,-0.630170316301703,0.995655546935609
"171",97,365615.814,4304029.048,4,0,1,0,0,0,4,2,302,608,541,2680,0.66407947842285,1.46106557377049,-0.630170316301703,0.995655546935609
"172",97,365615.814,4304029.048,2,2,5,0,0,0,5,0,302,608,541,2680,0.66407947842285,1.46106557377049,-0.630170316301703,0.995655546935609
"173",98,365616.101,4304049.043,2,2,5,0,0,0,5,0,302,608,541,2680,0.66407947842285,1.46106557377049,-0.630170316301703,0.995655546935609
"174",98,365616.101,4304049.043,3,4,2,0,0,0,5,0,302,608,541,2680,0.66407947842285,1.46106557377049,-0.630170316301703,0.995655546935609
"175",99,365615.993,4304069.222,4,0,4,0,0,0,5,0,310,562,503,2362,0.648865619546248,1.52177472167649,-0.615595075239398,0.972789115646258
"176",99,365615.993,4304069.222,0,0,4,0,0,0,5,0,310,562,503,2362,0.648865619546248,1.52177472167649,-0.615595075239398,0.972789115646258
"177",100,365616.029,4304088.982,0,0,4,0,0,0,5,0,342,654,638,2645,0.611331099604021,1.28423342718198,-0.603516217035465,0.916577865732988
"178",100,365616.029,4304088.982,2,0,2,0,0,0,5,0,342,654,638,2645,0.611331099604021,1.28423342718198,-0.603516217035465,0.916577865732988
"179",101,365615.9682,4304109.1578,3,4,2,0,0,0,5,0,342,654,638,2645,0.611331099604021,1.28423342718198,-0.603516217035465,0.916577865732988
"180",102,365615.88,4304129.085,4,4,0,0,0,0,4,0,258,528,409,2752,0.74122113255299,1.79128440366972,-0.678048780487805,1.11130434782609
"181",102,365615.88,4304129.085,3,4,2,0,0,0,5,0,258,528,409,2752,0.74122113255299,1.79128440366972,-0.678048780487805,1.11130434782609
"182",102,365615.88,4304129.085,3,4,5,0,0,0,2,0,258,528,409,2752,0.74122113255299,1.79128440366972,-0.678048780487805,1.11130434782609
"183",103,365616.075,4304148.966,3,4,5,0,0,0,2,0,324,667,593,2946,0.664877083922012,1.44426712496931,-0.630777747024633,0.996893094195735
"184",103,365616.075,4304148.966,0,5,2,5,0,0,1,4,324,667,593,2946,0.664877083922012,1.44426712496931,-0.630777747024633,0.996893094195735
"185",104,365615.942,4304169.13,3,3,3,0,0,0,5,0,324,667,593,2946,0.664877083922012,1.44426712496931,-0.630777747024633,0.996893094195735
"186",104,365615.942,4304169.13,0,0,0,6,0,0,2,0,324,667,593,2946,0.664877083922012,1.44426712496931,-0.630777747024633,0.996893094195735
"187",105,365615.984,4304189.089,0,1,6,1,0,0,5,0,294,616,463,2960,0.72947706690038,1.76741223103058,-0.655480984340045,1.09373631187035
"188",105,365615.984,4304189.089,0,0,0,5,0,0,2,0,294,616,463,2960,0.72947706690038,1.76741223103058,-0.655480984340045,1.09373631187035
"189",106,365616.032,4304209.154,0,2,5,4,0,0,0,0,598,848,828,1181,0.175709308113489,0.530667468430547,-0.164120256283884,0.263367321561801
"190",106,365616.032,4304209.154,0,0,0,5,0,0,2,0,598,848,828,1181,0.175709308113489,0.530667468430547,-0.164120256283884,0.263367321561801
"191",108,365635.448,4303800.97,4,0,2,0,0,0,0,6,205,412,385,2266,0.70954356846473,1.54814814814815,-0.692307692307692,1.06371347785108
"192",108,365635.448,4303800.97,5,0,4,0,0,0,2,4,205,412,385,2266,0.70954356846473,1.54814814814815,-0.692307692307692,1.06371347785108
"193",108,365635.448,4303800.97,4,0,0,0,0,1,4,3,205,412,385,2266,0.70954356846473,1.54814814814815,-0.692307692307692,1.06371347785108
"194",108,365635.448,4303800.97,4,0,4,0,0,0,4,5,205,412,385,2266,0.70954356846473,1.54814814814815,-0.692307692307692,1.06371347785108
"195",109,365636.031,4303808.884,4,0,0,0,0,1,4,3,205,412,385,2266,0.70954356846473,1.54814814814815,-0.692307692307692,1.06371347785108
"196",109,365636.031,4303808.884,4,0,4,0,0,0,4,5,205,412,385,2266,0.70954356846473,1.54814814814815,-0.692307692307692,1.06371347785108
"197",110,365635.955,4303828.871,5,0,1,0,0,0,3,3,225,372,410,1756,0.621421975992613,1.33135509396637,-0.650375939849624,0.931487889273356
"198",110,365635.955,4303828.871,4,0,4,0,0,0,4,5,225,372,410,1756,0.621421975992613,1.33135509396637,-0.650375939849624,0.931487889273356
"199",110,365635.955,4303828.871,4,0,2,0,0,0,1,6,225,372,410,1756,0.621421975992613,1.33135509396637,-0.650375939849624,0.931487889273356
"200",111,365636.012,4303848.912,4,0,2,0,0,0,1,6,225,372,410,1756,0.621421975992613,1.33135509396637,-0.650375939849624,0.931487889273356
"201",111,365636.012,4303848.912,4,0,1,0,0,0,4,4,225,372,410,1756,0.621421975992613,1.33135509396637,-0.650375939849624,0.931487889273356
"202",112,365635.986,4303868.917,5,0,1,0,0,0,3,5,191,322,336,1534,0.640641711229947,1.41507205291755,-0.65301724137931,0.960192359070265
"203",112,365635.986,4303868.917,4,0,1,0,0,0,4,4,191,322,336,1534,0.640641711229947,1.41507205291755,-0.65301724137931,0.960192359070265
"204",112,365635.986,4303868.917,4,0,1,0,0,0,3,4,191,322,336,1534,0.640641711229947,1.41507205291755,-0.65301724137931,0.960192359070265
"205",113,365636.055,4303888.814,1,0,0,0,0,0,0,6,263,431,450,1960,0.62655601659751,1.40517401823934,-0.63948138854036,0.939249429815468
"206",113,365636.055,4303888.814,4,0,1,0,0,0,3,4,263,431,450,1960,0.62655601659751,1.40517401823934,-0.63948138854036,0.939249429815468
"207",113,365636.055,4303888.814,5,0,2,0,0,0,5,0,263,431,450,1960,0.62655601659751,1.40517401823934,-0.63948138854036,0.939249429815468
"208",114,365637.062,4303907.94,5,0,2,0,0,0,5,0,263,431,450,1960,0.62655601659751,1.40517401823934,-0.63948138854036,0.939249429815468
"209",114,365637.062,4303907.94,4,0,4,0,0,0,2,0,263,431,450,1960,0.62655601659751,1.40517401823934,-0.63948138854036,0.939249429815468
"210",115,365636.1,4303928.861,4,0,4,0,0,0,2,0,345,572,579,2224,0.58687120941848,1.32255989708956,-0.590844062947067,0.879835977892672
"211",115,365636.1,4303928.861,3,1,3,0,0,0,2,4,345,572,579,2224,0.58687120941848,1.32255989708956,-0.590844062947067,0.879835977892672
"212",116,365635.958,4303969.096,3,4,4,5,0,0,0,0,235,451,399,2102,0.680927628948421,1.55809698078683,-0.646690168429299,1.02077922077922
"213",117,365635.941,4303988.859,3,4,3,0,0,0,0,3,235,451,399,2102,0.680927628948421,1.55809698078683,-0.646690168429299,1.02077922077922
"214",117,365635.941,4303988.859,3,4,4,5,0,0,0,0,235,451,399,2102,0.680927628948421,1.55809698078683,-0.646690168429299,1.02077922077922
"215",117,365635.941,4303988.859,0,4,0,5,0,0,2,0,235,451,399,2102,0.680927628948421,1.55809698078683,-0.646690168429299,1.02077922077922
"216",118,365635.949,4304009.076,4,0,1,0,0,0,4,2,282,556,485,2684,0.693909750710003,1.58064979873491,-0.65679012345679,1.040372181044
"217",118,365635.949,4304009.076,2,4,5,0,0,0,0,1,282,556,485,2684,0.693909750710003,1.58064979873491,-0.65679012345679,1.040372181044
"218",119,365635.991,4304029.051,2,2,5,0,0,0,5,0,302,608,541,2680,0.66407947842285,1.46106557377049,-0.630170316301703,0.995655546935609
"219",119,365635.991,4304029.051,2,4,5,0,0,0,0,1,302,608,541,2680,0.66407947842285,1.46106557377049,-0.630170316301703,0.995655546935609
"220",119,365635.991,4304029.051,0,0,0,0,0,0,5,0,302,608,541,2680,0.66407947842285,1.46106557377049,-0.630170316301703,0.995655546935609
"221",120,365636.071,4304049.075,0,0,0,0,0,0,5,0,302,608,541,2680,0.66407947842285,1.46106557377049,-0.630170316301703,0.995655546935609
"222",120,365636.071,4304049.075,3,5,5,0,0,0,0,2,302,608,541,2680,0.66407947842285,1.46106557377049,-0.630170316301703,0.995655546935609
"223",121,365636,4304069.102,3,0,6,0,0,0,2,0,310,562,503,2362,0.648865619546248,1.52177472167649,-0.615595075239398,0.972789115646258
"224",122,365635.956,4304089.048,2,0,2,0,0,0,5,0,342,654,638,2645,0.611331099604021,1.28423342718198,-0.603516217035465,0.916577865732988
"225",122,365635.956,4304089.048,2,2,6,0,0,0,2,0,342,654,638,2645,0.611331099604021,1.28423342718198,-0.603516217035465,0.916577865732988
"226",123,365636.011,4304109.051,0,0,6,0,0,0,2,0,342,654,638,2645,0.611331099604021,1.28423342718198,-0.603516217035465,0.916577865732988
"227",124,365635.869,4304129.14,3,4,5,0,0,0,2,0,258,528,409,2752,0.74122113255299,1.79128440366972,-0.678048780487805,1.11130434782609
"228",124,365635.869,4304129.14,0,0,6,0,0,0,2,0,258,528,409,2752,0.74122113255299,1.79128440366972,-0.678048780487805,1.11130434782609
"229",124,365635.869,4304129.14,0,3,5,0,0,0,3,0,258,528,409,2752,0.74122113255299,1.79128440366972,-0.678048780487805,1.11130434782609
"230",125,365636.071,4304149.006,0,3,0,5,0,0,0,0,324,667,593,2946,0.664877083922012,1.44426712496931,-0.630777747024633,0.996893094195735
"231",126,365635.912,4304168.851,0,3,0,5,0,0,0,0,324,667,593,2946,0.664877083922012,1.44426712496931,-0.630777747024633,0.996893094195735
"232",126,365635.912,4304168.851,0,0,0,6,0,0,2,0,324,667,593,2946,0.664877083922012,1.44426712496931,-0.630777747024633,0.996893094195735
"233",127,365635.91,4304188.982,0,0,0,6,0,0,2,0,294,616,463,2960,0.72947706690038,1.76741223103058,-0.655480984340045,1.09373631187035
"234",129,365656.069,4303808.979,0,0,3,0,0,0,5,0,205,412,385,2266,0.70954356846473,1.54814814814815,-0.692307692307692,1.06371347785108
"235",129,365656.069,4303808.979,4,0,1,0,0,0,5,0,205,412,385,2266,0.70954356846473,1.54814814814815,-0.692307692307692,1.06371347785108
"236",130,365656.006,4303829.188,5,0,1,0,0,0,5,2,225,372,410,1756,0.621421975992613,1.33135509396637,-0.650375939849624,0.931487889273356
"237",131,365655.82,4303849.052,4,0,1,0,0,0,4,4,225,372,410,1756,0.621421975992613,1.33135509396637,-0.650375939849624,0.931487889273356
"238",131,365655.82,4303849.052,5,0,1,0,0,0,5,2,225,372,410,1756,0.621421975992613,1.33135509396637,-0.650375939849624,0.931487889273356
"239",131,365655.82,4303849.052,5,0,3,0,0,0,5,0,225,372,410,1756,0.621421975992613,1.33135509396637,-0.650375939849624,0.931487889273356
"240",132,365655.936,4303868.968,4,0,1,0,0,0,3,4,191,322,336,1534,0.640641711229947,1.41507205291755,-0.65301724137931,0.960192359070265
"241",132,365655.936,4303868.968,5,0,3,0,0,0,5,0,191,322,336,1534,0.640641711229947,1.41507205291755,-0.65301724137931,0.960192359070265
"242",132,365655.936,4303868.968,4,0,3,0,0,0,4,4,191,322,336,1534,0.640641711229947,1.41507205291755,-0.65301724137931,0.960192359070265
"243",133,365656.156,4303889.056,5,0,2,0,0,0,5,0,263,431,450,1960,0.62655601659751,1.40517401823934,-0.63948138854036,0.939249429815468
"244",133,365656.156,4303889.056,4,1,3,0,0,0,2,5,263,431,450,1960,0.62655601659751,1.40517401823934,-0.63948138854036,0.939249429815468
"245",134,365656.189,4303908.988,4,1,3,0,0,0,2,5,319,587,553,2460,0.632923996017259,1.40862756684887,-0.614702986544142,0.948913584342345
"246",134,365656.189,4303908.988,3,4,2,0,0,0,0,5,319,587,553,2460,0.632923996017259,1.40862756684887,-0.614702986544142,0.948913584342345
"247",135,365656.04,4303928.96,3,4,2,0,0,0,0,5,319,587,553,2460,0.632923996017259,1.40862756684887,-0.614702986544142,0.948913584342345
"248",135,365656.04,4303928.96,4,0,4,0,0,0,0,4,319,587,553,2460,0.632923996017259,1.40862756684887,-0.614702986544142,0.948913584342345
"249",136,365655.946,4303949.05,3,2,3,0,0,0,2,6,265,501,432,2286,0.682119205298013,1.6040837515141,-0.640473627556512,1.02261445118588
"250",136,365655.946,4303949.05,3,0,0,0,0,0,3,6,265,501,432,2286,0.682119205298013,1.6040837515141,-0.640473627556512,1.02261445118588
"251",137,365656.002,4303969.031,0,4,1,5,0,0,1,0,227,458,340,2406,0.752367079388201,1.88331814038286,-0.680167597765363,1.12793448589627
"252",138,365655.872,4303988.97,0,4,1,5,0,0,1,0,227,458,340,2406,0.752367079388201,1.88331814038286,-0.680167597765363,1.12793448589627
"253",138,365655.872,4303988.97,0,5,0,1,0,0,0,5,227,458,340,2406,0.752367079388201,1.88331814038286,-0.680167597765363,1.12793448589627
"254",139,365655.832,4304008.87,2,4,5,0,0,0,0,1,273,497,485,2185,0.636704119850187,1.39504349253241,-0.62938105891126,0.954519932622123
"255",139,365655.832,4304008.87,0,5,3,0,0,0,2,0,273,497,485,2185,0.636704119850187,1.39504349253241,-0.62938105891126,0.954519932622123
"256",140,365656.081,4304029.102,0,0,0,0,0,0,5,0,350,629,623,2547,0.606940063091483,1.31456682153594,-0.603904282115869,0.909979504966104
"257",140,365656.081,4304029.102,1,3,6,0,0,0,2,0,350,629,623,2547,0.606940063091483,1.31456682153594,-0.603904282115869,0.909979504966104
"258",141,365656.121,4304049.09,0,5,5,0,0,0,2,0,350,629,623,2547,0.606940063091483,1.31456682153594,-0.603904282115869,0.909979504966104
"259",142,365656.008,4304069.018,0,0,0,0,0,0,2,0,403,710,745,2677,0.5645821157218,1.17133503092033,-0.580749926188367,0.846502117715788
"260",143,365655.952,4304089.044,0,5,5,0,0,0,3,2,334,684,620,2896,0.647326507394767,1.38442822384428,-0.617877094972067,0.970575692963753
"261",144,365655.923,4304109.007,0,0,6,0,0,0,2,0,334,684,620,2896,0.647326507394767,1.38442822384428,-0.617877094972067,0.970575692963753
"262",144,365655.923,4304109.007,0,5,5,0,0,0,3,2,334,684,620,2896,0.647326507394767,1.38442822384428,-0.617877094972067,0.970575692963753
"263",144,365655.923,4304109.007,1,4,5,0,0,0,2,0,334,684,620,2896,0.647326507394767,1.38442822384428,-0.617877094972067,0.970575692963753
"264",145,365655.951,4304129.19,0,3,5,0,0,0,3,0,255,596,425,2965,0.749262536873156,1.76315424128835,-0.665262566694749,1.1233967271119
"265",145,365655.951,4304129.19,0,3,5,0,0,0,3,0,255,596,425,2965,0.749262536873156,1.76315424128835,-0.665262566694749,1.1233967271119
"266",146,365656.066,4304148.973,0,3,5,0,0,0,3,0,241,471,355,2480,0.749559082892416,1.89630555059789,-0.680786174178245,1.12374405076679
"267",146,365656.066,4304148.973,0,0,0,6,0,0,3,0,241,471,355,2480,0.749559082892416,1.89630555059789,-0.680786174178245,1.12374405076679
"268",147,365655.891,4304168.882,0,0,0,6,0,0,2,0,241,471,355,2480,0.749559082892416,1.89630555059789,-0.680786174178245,1.12374405076679
"269",147,365655.891,4304168.882,0,0,0,6,0,0,3,0,241,471,355,2480,0.749559082892416,1.89630555059789,-0.680786174178245,1.12374405076679
"270",149,365675.95,4303809.071,4,0,1,0,0,0,5,0,246,456,447,2390,0.684878392668312,1.50573465592064,-0.679550245959241,1.0267747049498
"271",149,365675.95,4303809.071,3,0,4,0,0,0,4,1,246,456,447,2390,0.684878392668312,1.50573465592064,-0.679550245959241,1.0267747049498
"272",150,365676.155,4303829.154,3,0,1,0,0,0,5,2,308,493,550,2160,0.59409594095941,1.27818355033344,-0.628345269506219,0.890650931218883
"273",151,365675.911,4303849.057,5,0,3,0,0,0,5,0,201,372,378,1817,0.655580865603645,1.39627401513681,-0.660118775696665,0.982699749601639
"274",151,365675.911,4303849.057,4,0,3,0,0,0,3,2,201,372,378,1817,0.655580865603645,1.39627401513681,-0.660118775696665,0.982699749601639
"275",152,365676.049,4303869.051,4,0,3,0,0,0,4,4,201,372,378,1817,0.655580865603645,1.39627401513681,-0.660118775696665,0.982699749601639
"276",152,365676.049,4303869.051,3,0,5,0,0,0,3,0,201,372,378,1817,0.655580865603645,1.39627401513681,-0.660118775696665,0.982699749601639
"277",153,365676.094,4303889.016,3,0,4,0,0,0,0,2,215,423,390,2177,0.696143358005454,1.53866023764422,-0.674615384615385,1.04360521705275
"278",154,365676.01,4303909.091,1,4,4,0,0,0,0,0,245,512,408,2653,0.733420450833061,1.72030651340996,-0.676461295418641,1.09959183673469
"279",155,365675.988,4303929.222,0,5,0,3,0,0,0,3,245,512,408,2653,0.733420450833061,1.72030651340996,-0.676461295418641,1.09959183673469
"280",156,365675.955,4303948.932,3,0,0,0,0,0,3,6,239,466,357,2269,0.728103579588728,1.8261700095511,-0.659232175502742,1.09153187440533
"281",156,365675.955,4303948.932,0,5,0,3,0,0,0,3,239,466,357,2269,0.728103579588728,1.8261700095511,-0.659232175502742,1.09153187440533
"282",156,365675.955,4303948.932,4,0,4,0,0,0,3,0,239,466,357,2269,0.728103579588728,1.8261700095511,-0.659232175502742,1.09153187440533
"283",157,365676.144,4303968.944,4,0,4,0,0,0,3,0,226,476,310,2661,0.791316055200269,2.08053097345133,-0.696525342684093,1.18637510513036
"284",157,365676.144,4303968.944,0,4,4,3,0,0,2,2,226,476,310,2661,0.791316055200269,2.08053097345133,-0.696525342684093,1.18637510513036
"285",158,365675.934,4303989.081,0,5,0,1,0,0,0,5,226,476,310,2661,0.791316055200269,2.08053097345133,-0.696525342684093,1.18637510513036
"286",158,365675.934,4303989.081,0,4,1,3,0,0,2,5,226,476,310,2661,0.791316055200269,2.08053097345133,-0.696525342684093,1.18637510513036
"287",159,365676.129,4304008.592,0,4,1,3,0,0,2,5,258,517,444,2407,0.688530340231498,1.56539074960128,-0.646374829001368,1.03225241016652
"288",159,365676.129,4304008.592,1,6,0,3,0,0,2,3,258,517,444,2407,0.688530340231498,1.56539074960128,-0.646374829001368,1.03225241016652
"289",160,365675.996,4304028.912,1,6,0,3,0,0,2,3,240,523,401,2527,0.726092896174863,1.69699872286079,-0.657049180327869,1.08858166922683
"290",160,365675.996,4304028.912,0,5,4,0,0,0,2,3,240,523,401,2527,0.726092896174863,1.69699872286079,-0.657049180327869,1.08858166922683
"291",161,365675.975,4304048.94,0,5,4,0,0,0,2,3,240,523,401,2527,0.726092896174863,1.69699872286079,-0.657049180327869,1.08858166922683
"292",161,365675.975,4304048.94,0,3,5,0,0,0,3,5,240,523,401,2527,0.726092896174863,1.69699872286079,-0.657049180327869,1.08858166922683
"293",162,365675.914,4304068.905,0,0,0,0,0,0,2,0,294,611,510,2765,0.688549618320611,1.55775075987842,-0.63803317535545,1.03235159468946
"294",162,365675.914,4304068.905,0,3,5,0,0,0,3,5,294,611,510,2765,0.688549618320611,1.55775075987842,-0.63803317535545,1.03235159468946
"295",162,365675.914,4304068.905,1,3,6,0,0,0,5,0,294,611,510,2765,0.688549618320611,1.55775075987842,-0.63803317535545,1.03235159468946
"296",163,365676.039,4304088.95,1,3,6,0,0,0,5,0,271,649,462,3240,0.750405186385737,1.74563277617192,-0.666238107482643,1.12515188335358
"297",163,365676.039,4304088.95,4,5,5,0,0,0,3,0,271,649,462,3240,0.750405186385737,1.74563277617192,-0.666238107482643,1.12515188335358
"298",164,365675.911,4304109.008,1,4,5,0,0,0,2,0,271,649,462,3240,0.750405186385737,1.74563277617192,-0.666238107482643,1.12515188335358
"299",164,365675.911,4304109.008,4,5,5,0,0,0,3,0,271,649,462,3240,0.750405186385737,1.74563277617192,-0.666238107482643,1.12515188335358
"300",164,365675.911,4304109.008,0,0,0,5,0,0,3,2,271,649,462,3240,0.750405186385737,1.74563277617192,-0.666238107482643,1.12515188335358
"301",165,365676.006,4304128.974,0,0,0,5,0,0,3,2,251,589,426,2802,0.736059479553903,1.70959850338178,-0.652609849601887,1.10357640501626
"302",165,365676.006,4304128.974,3,4,0,4,0,0,1,4,251,589,426,2802,0.736059479553903,1.70959850338178,-0.652609849601887,1.10357640501626
"303",168,365695.999,4303808.99,3,0,4,0,0,0,5,0,211,437,348,2738,0.774465327284511,1.84271395528142,-0.724724409448819,1.16113360323887
"304",169,365695.941,4303828.976,3,0,1,0,0,0,5,2,310,598,601,2641,0.629241209130167,1.30068859984698,-0.630750231552948,0.943425312162787
"305",169,365695.941,4303828.976,3,0,4,0,0,0,5,0,310,598,601,2641,0.629241209130167,1.30068859984698,-0.630750231552948,0.943425312162787
"306",169,365695.941,4303828.976,3,0,4,0,0,0,5,0,310,598,601,2641,0.629241209130167,1.30068859984698,-0.630750231552948,0.943425312162787
"307",170,365696.029,4303848.955,3,0,4,0,0,0,5,0,260,444,466,2078,0.633647798742138,1.37872049264454,-0.647898493259318,0.949911608721273
"308",170,365696.029,4303848.955,4,0,1,0,0,0,5,2,260,444,466,2078,0.633647798742138,1.37872049264454,-0.647898493259318,0.949911608721273
"309",171,365695.96,4303868.962,3,0,5,0,0,0,3,0,260,444,466,2078,0.633647798742138,1.37872049264454,-0.647898493259318,0.949911608721273
"310",171,365695.96,4303868.962,4,0,1,0,0,0,5,2,260,444,466,2078,0.633647798742138,1.37872049264454,-0.647898493259318,0.949911608721273
"311",171,365695.96,4303868.962,4,0,3,0,0,0,4,0,260,444,466,2078,0.633647798742138,1.37872049264454,-0.647898493259318,0.949911608721273
"312",172,365695.986,4303888.914,3,0,4,0,0,0,0,2,243,473,428,2314,0.687819110138585,1.54160536210561,-0.660566917832795,1.03116457080372
"313",172,365695.986,4303888.914,4,0,3,0,0,0,4,0,243,473,428,2314,0.687819110138585,1.54160536210561,-0.660566917832795,1.03116457080372
"314",172,365695.986,4303888.914,4,0,3,0,0,0,4,1,243,473,428,2314,0.687819110138585,1.54160536210561,-0.660566917832795,1.03116457080372
"315",173,365696.178,4303909.023,4,0,3,0,0,0,4,1,223,525,347,2966,0.790522185330516,1.94028744999259,-0.699226582641077,1.18524664353598
"316",173,365696.178,4303909.023,0,3,5,0,0,0,3,0,223,525,347,2966,0.790522185330516,1.94028744999259,-0.699226582641077,1.18524664353598
"317",174,365695.944,4303929.095,0,5,0,3,0,0,0,3,223,525,347,2966,0.790522185330516,1.94028744999259,-0.699226582641077,1.18524664353598
"318",174,365695.944,4303929.095,0,5,2,3,0,0,0,0,223,525,347,2966,0.790522185330516,1.94028744999259,-0.699226582641077,1.18524664353598
"319",175,365696.002,4303949,0,0,0,6,0,0,0,0,239,466,357,2269,0.728103579588728,1.8261700095511,-0.659232175502742,1.09153187440533
"320",176,365695.888,4303968.963,0,4,4,3,0,0,2,2,226,476,310,2661,0.791316055200269,2.08053097345133,-0.696525342684093,1.18637510513036
"321",176,365695.888,4303968.963,0,0,0,6,0,0,0,0,226,476,310,2661,0.791316055200269,2.08053097345133,-0.696525342684093,1.18637510513036
"322",176,365695.888,4303968.963,0,5,1,1,0,0,1,3,226,476,310,2661,0.791316055200269,2.08053097345133,-0.696525342684093,1.18637510513036
"323",177,365696.004,4303988.874,0,5,1,1,0,0,1,3,226,476,310,2661,0.791316055200269,2.08053097345133,-0.696525342684093,1.18637510513036
"324",177,365696.004,4303988.874,0,0,0,5,1,0,2,0,226,476,310,2661,0.791316055200269,2.08053097345133,-0.696525342684093,1.18637510513036
"325",178,365695.966,4304008.989,1,6,0,3,0,0,2,3,258,517,444,2407,0.688530340231498,1.56539074960128,-0.646374829001368,1.03225241016652
"326",178,365695.966,4304008.989,0,0,0,5,1,0,2,0,258,517,444,2407,0.688530340231498,1.56539074960128,-0.646374829001368,1.03225241016652
"327",178,365695.966,4304008.989,2,3,1,3,0,0,2,5,258,517,444,2407,0.688530340231498,1.56539074960128,-0.646374829001368,1.03225241016652
"328",179,365696.189,4304029.069,0,4,5,0,0,0,4,0,240,523,401,2527,0.726092896174863,1.69699872286079,-0.657049180327869,1.08858166922683
"329",180,365695.905,4304049,0,3,5,0,0,0,3,5,240,523,401,2527,0.726092896174863,1.69699872286079,-0.657049180327869,1.08858166922683
"330",180,365695.905,4304049,3,3,5,0,0,0,4,0,240,523,401,2527,0.726092896174863,1.69699872286079,-0.657049180327869,1.08858166922683
"331",181,365695.907,4304068.907,1,3,6,0,0,0,5,0,294,611,510,2765,0.688549618320611,1.55775075987842,-0.63803317535545,1.03235159468946
"332",181,365695.907,4304068.907,3,3,5,0,0,0,4,0,294,611,510,2765,0.688549618320611,1.55775075987842,-0.63803317535545,1.03235159468946
"333",181,365695.907,4304068.907,3,5,2,0,0,0,2,4,294,611,510,2765,0.688549618320611,1.55775075987842,-0.63803317535545,1.03235159468946
"334",182,365695.968,4304089.041,4,5,5,0,0,0,3,0,271,649,462,3240,0.750405186385737,1.74563277617192,-0.666238107482643,1.12515188335358
"335",182,365695.968,4304089.041,0,2,0,6,0,0,2,3,271,649,462,3240,0.750405186385737,1.74563277617192,-0.666238107482643,1.12515188335358
"336",183,365696.101,4304109.091,0,0,0,4,0,0,4,4,271,649,462,3240,0.750405186385737,1.74563277617192,-0.666238107482643,1.12515188335358
"337",184,365695.954,4304129.062,0,0,0,5,2,0,3,5,251,589,426,2802,0.736059479553903,1.70959850338178,-0.652609849601887,1.10357640501626
"338",186,365715.835,4303829.066,3,0,4,0,0,0,5,0,310,598,601,2641,0.629241209130167,1.30068859984698,-0.630750231552948,0.943425312162787
"339",186,365715.835,4303829.066,4,0,3,0,0,0,4,2,310,598,601,2641,0.629241209130167,1.30068859984698,-0.630750231552948,0.943425312162787
"340",187,365716.109,4303849.008,3,0,4,0,0,0,3,2,260,444,466,2078,0.633647798742138,1.37872049264454,-0.647898493259318,0.949911608721273
"341",188,365716.061,4303869.066,3,0,4,0,0,0,3,2,260,444,466,2078,0.633647798742138,1.37872049264454,-0.647898493259318,0.949911608721273
"342",188,365716.061,4303869.066,3,0,4,0,0,0,3,2,260,444,466,2078,0.633647798742138,1.37872049264454,-0.647898493259318,0.949911608721273
"343",189,365715.985,4303889.107,4,0,3,0,0,0,4,1,243,473,428,2314,0.687819110138585,1.54160536210561,-0.660566917832795,1.03116457080372
"344",189,365715.985,4303889.107,3,0,4,0,0,0,3,0,243,473,428,2314,0.687819110138585,1.54160536210561,-0.660566917832795,1.03116457080372
"345",190,365716.044,4303909.153,3,0,4,0,0,0,3,0,223,525,347,2966,0.790522185330516,1.94028744999259,-0.699226582641077,1.18524664353598
"346",191,365716.041,4303929.042,0,5,2,3,0,0,0,0,223,525,347,2966,0.790522185330516,1.94028744999259,-0.699226582641077,1.18524664353598
"347",191,365716.041,4303929.042,0,3,5,0,0,0,0,0,223,525,347,2966,0.790522185330516,1.94028744999259,-0.699226582641077,1.18524664353598
"348",192,365716.056,4303948.937,0,3,5,0,0,0,0,0,244,485,336,2628,0.773279352226721,2.03697120511909,-0.688403469322197,1.15933232169954
"349",192,365716.056,4303948.937,2,5,2,0,0,0,0,3,244,485,336,2628,0.773279352226721,2.03697120511909,-0.688403469322197,1.15933232169954
"350",193,365716.053,4303969.052,0,5,1,1,0,0,1,3,248,516,342,2759,0.779425991615608,2.04830508474576,-0.684885496183206,1.16857373086221
"351",193,365716.053,4303969.052,0,0,0,6,0,0,3,0,248,516,342,2759,0.779425991615608,2.04830508474576,-0.684885496183206,1.16857373086221
"352",194,365716.07,4303988.895,0,0,0,6,0,0,3,0,248,516,342,2759,0.779425991615608,2.04830508474576,-0.684885496183206,1.16857373086221
"353",194,365716.07,4303988.895,0,0,0,0,0,0,0,6,248,516,342,2759,0.779425991615608,2.04830508474576,-0.684885496183206,1.16857373086221
"354",195,365715.967,4304009.064,2,3,1,3,0,0,2,5,233,499,332,2716,0.782152230971129,2.01385369150194,-0.689580093312597,1.17265125430398
"355",195,365715.967,4304009.064,0,0,0,0,0,0,0,6,233,499,332,2716,0.782152230971129,2.01385369150194,-0.689580093312597,1.17265125430398
"356",195,365715.967,4304009.064,0,4,5,1,0,0,2,0,233,499,332,2716,0.782152230971129,2.01385369150194,-0.689580093312597,1.17265125430398
"357",196,365716.087,4304029.02,0,4,5,0,0,0,2,0,223,509,342,2584,0.766233766233766,1.89198312236287,-0.670869705787262,1.14876174210077
"358",197,365716.017,4304048.953,0,4,5,0,0,0,2,0,223,509,342,2584,0.766233766233766,1.89198312236287,-0.670869705787262,1.14876174210077
"359",197,365716.017,4304048.953,2,6,0,0,0,0,2,0,223,509,342,2584,0.766233766233766,1.89198312236287,-0.670869705787262,1.14876174210077
"360",198,365715.957,4304069.101,0,0,0,4,0,0,1,2,208,519,347,2703,0.772459016393443,1.82692307692308,-0.677839851024209,1.15811895788956
"361",199,365715.923,4304088.96,0,2,0,6,0,0,2,3,188,489,313,2759,0.796223958333333,1.89553626782393,-0.698891625615764,1.19375305026842
"362",199,365715.923,4304088.96,0,0,0,4,0,0,1,2,188,489,313,2759,0.796223958333333,1.89553626782393,-0.698891625615764,1.19375305026842
"363",199,365715.923,4304088.96,0,0,0,5,0,0,2,4,188,489,313,2759,0.796223958333333,1.89553626782393,-0.698891625615764,1.19375305026842
"364",200,365715.988,4304108.922,0,0,0,4,0,0,4,4,188,489,313,2759,0.796223958333333,1.89553626782393,-0.698891625615764,1.19375305026842
"365",200,365715.988,4304108.922,0,0,0,5,0,0,2,4,188,489,313,2759,0.796223958333333,1.89553626782393,-0.698891625615764,1.19375305026842
"366",200,365715.988,4304108.922,0,0,0,6,0,0,2,2,188,489,313,2759,0.796223958333333,1.89553626782393,-0.698891625615764,1.19375305026842
"367",204,365735.909,4303848.956,3,0,4,0,0,0,3,2,318,587,586,2590,0.630982367758186,1.34677419354839,-0.630468995908089,0.946026750590087
"368",204,365735.909,4303848.956,3,0,4,0,0,0,4,0,318,587,586,2590,0.630982367758186,1.34677419354839,-0.630468995908089,0.946026750590087
"369",205,365736.035,4303869.076,3,0,3,0,0,0,5,0,318,587,586,2590,0.630982367758186,1.34677419354839,-0.630468995908089,0.946026750590087
"370",206,365735.993,4303888.984,3,0,4,0,0,0,3,0,313,642,567,3017,0.68359375,1.50472914875322,-0.649084449303088,1.02496165109469
"371",206,365735.993,4303888.984,3,0,3,0,0,0,5,0,313,642,567,3017,0.68359375,1.50472914875322,-0.649084449303088,1.02496165109469
"372",206,365735.993,4303888.984,3,0,4,0,0,0,4,0,313,642,567,3017,0.68359375,1.50472914875322,-0.649084449303088,1.02496165109469
"373",208,365735.982,4303928.927,0,3,5,0,0,0,0,0,279,579,420,2935,0.749627421758569,1.87044474193069,-0.670461013090495,1.12393862654551
"374",208,365735.982,4303928.927,4,0,3,0,0,0,5,0,279,579,420,2935,0.749627421758569,1.87044474193069,-0.670461013090495,1.12393862654551
"375",209,365736.069,4303948.984,0,3,5,0,0,0,0,0,280,523,359,2783,0.771483131763208,2.13681241184767,-0.683605565638233,1.15667249880706
"376",210,365736.013,4303969.023,0,0,0,6,0,0,3,0,229,451,296,2525,0.790145338532435,2.15779283639884,-0.696908602150538,1.18458813108946
"377",211,365736.07,4303989.001,0,1,0,6,0,0,3,3,229,451,296,2525,0.790145338532435,2.15779283639884,-0.696908602150538,1.18458813108946
"378",212,365735.856,4304009.329,0,4,5,1,0,0,2,0,229,451,296,2525,0.790145338532435,2.15779283639884,-0.696908602150538,1.18458813108946
"379",212,365735.856,4304009.329,0,4,0,3,2,0,2,3,229,451,296,2525,0.790145338532435,2.15779283639884,-0.696908602150538,1.18458813108946
"380",213,365735.942,4304028.916,0,4,5,0,0,0,2,0,232,534,355,2835,0.777429467084639,1.92307692307692,-0.682991985752449,1.16559611467962
"381",213,365735.942,4304028.916,0,4,0,3,2,0,2,3,232,534,355,2835,0.777429467084639,1.92307692307692,-0.682991985752449,1.16559611467962
"382",213,365735.942,4304028.916,0,4,4,3,0,0,3,1,232,534,355,2835,0.777429467084639,1.92307692307692,-0.682991985752449,1.16559611467962
"383",214,365735.95,4304049.001,2,6,0,0,0,0,2,0,232,534,355,2835,0.777429467084639,1.92307692307692,-0.682991985752449,1.16559611467962
"384",214,365735.95,4304049.001,0,4,4,3,0,0,3,1,232,534,355,2835,0.777429467084639,1.92307692307692,-0.682991985752449,1.16559611467962
"385",214,365735.95,4304049.001,0,0,1,4,0,0,3,0,232,534,355,2835,0.777429467084639,1.92307692307692,-0.682991985752449,1.16559611467962
"386",215,365735.961,4304068.899,0,0,0,4,0,0,1,2,191,512,309,2889,0.806754221388368,1.94893488442363,-0.698912084680976,1.20956399437412
"387",215,365735.961,4304068.899,0,0,1,4,0,0,3,0,191,512,309,2889,0.806754221388368,1.94893488442363,-0.698912084680976,1.20956399437412
"388",215,365735.961,4304068.899,0,4,0,3,0,0,2,2,191,512,309,2889,0.806754221388368,1.94893488442363,-0.698912084680976,1.20956399437412
"389",216,365735.999,4304089.022,0,0,0,6,3,0,0,2,152,435,285,2505,0.795698924731183,1.80546519193234,-0.704081632653061,1.19290703922622
"390",219,365756.068,4303869.047,1,4,0,2,3,0,2,3,317,647,553,2932,0.682639885222382,1.53622626888803,-0.63844649343392,1.02351928868493
"391",220,365755.997,4303889.061,3,0,4,0,0,0,4,0,334,675,593,2941,0.664402942840973,1.47007262709742,-0.626659292035398,0.996181586762834
"392",220,365755.997,4303889.061,1,5,5,0,0,0,2,0,334,675,593,2941,0.664402942840973,1.47007262709742,-0.626659292035398,0.996181586762834
"393",221,365756.028,4303908.913,1,5,5,0,0,0,2,0,321,630,512,2835,0.694054377054078,1.65999714163213,-0.636363636363636,1.0406152008362
"394",221,365756.028,4303908.913,0,2,0,5,0,0,2,4,321,630,512,2835,0.694054377054078,1.65999714163213,-0.636363636363636,1.0406152008362
"395",222,365756.049,4303948.952,0,3,5,0,0,0,0,0,289,574,420,2714,0.7319719208679,1.87082042081227,-0.650851581508516,1.09743262637538
"396",222,365756.049,4303948.952,0,0,0,5,0,0,2,3,289,574,420,2714,0.7319719208679,1.87082042081227,-0.650851581508516,1.09743262637538
"397",223,365756.071,4303969.021,0,4,0,6,0,0,3,4,229,451,296,2525,0.790145338532435,2.15779283639884,-0.696908602150538,1.18458813108946
"398",224,365755.94,4304009.11,0,0,6,0,0,0,1,0,229,451,296,2525,0.790145338532435,2.15779283639884,-0.696908602150538,1.18458813108946
"399",225,365755.94,4304029.124,0,4,4,3,0,0,3,1,232,534,355,2835,0.777429467084639,1.92307692307692,-0.682991985752449,1.16559611467962
"400",225,365755.94,4304029.124,1,4,5,4,0,0,2,2,232,534,355,2835,0.777429467084639,1.92307692307692,-0.682991985752449,1.16559611467962
"401",226,365755.974,4304049.051,0,0,1,4,0,0,3,0,232,534,355,2835,0.777429467084639,1.92307692307692,-0.682991985752449,1.16559611467962
"402",226,365755.974,4304049.051,0,0,0,5,2,0,0,4,232,534,355,2835,0.777429467084639,1.92307692307692,-0.682991985752449,1.16559611467962
"403",227,365756.032,4304068.925,0,4,0,3,0,0,2,2,191,512,309,2889,0.806754221388368,1.94893488442363,-0.698912084680976,1.20956399437412
"404",227,365756.032,4304068.925,0,0,0,5,2,0,0,4,191,512,309,2889,0.806754221388368,1.94893488442363,-0.698912084680976,1.20956399437412
"405",227,365756.032,4304068.925,1,0,0,6,0,0,2,3,191,512,309,2889,0.806754221388368,1.94893488442363,-0.698912084680976,1.20956399437412
"406",228,365756.062,4304088.941,1,0,0,6,0,0,2,3,152,435,285,2505,0.795698924731183,1.80546519193234,-0.704081632653061,1.19290703922622
"407",228,365756.062,4304088.941,0,4,5,0,0,0,2,0,152,435,285,2505,0.795698924731183,1.80546519193234,-0.704081632653061,1.19290703922622
"408",230,365775.922,4303829.038,2,4,2,3,0,2,2,5,316,615,560,2906,0.676860934795153,1.50577663671374,-0.650667424027265,1.01485219899063
"409",230,365775.922,4303829.038,0,0,0,0,0,4,0,6,316,615,560,2906,0.676860934795153,1.50577663671374,-0.650667424027265,1.01485219899063
"410",230,365775.922,4303829.038,3,4,4,0,0,0,2,4,316,615,560,2906,0.676860934795153,1.50577663671374,-0.650667424027265,1.01485219899063
"411",231,365776.013,4303849.018,1,5,3,3,0,0,0,5,317,647,553,2932,0.682639885222382,1.53622626888803,-0.63844649343392,1.02351928868493
"412",232,365775.964,4303868.979,1,4,0,2,3,0,2,3,317,647,553,2932,0.682639885222382,1.53622626888803,-0.63844649343392,1.02351928868493
"413",232,365775.964,4303868.979,0,0,0,0,3,0,0,6,317,647,553,2932,0.682639885222382,1.53622626888803,-0.63844649343392,1.02351928868493
"414",233,365776.092,4303888.98,0,4,4,0,0,0,0,5,334,675,593,2941,0.664402942840973,1.47007262709742,-0.626659292035398,0.996181586762834
"415",234,365776.006,4303909.027,0,2,0,5,0,0,2,4,321,630,512,2835,0.694054377054078,1.65999714163213,-0.636363636363636,1.0406152008362
"416",234,365776.006,4303909.027,0,4,4,0,0,0,0,5,321,630,512,2835,0.694054377054078,1.65999714163213,-0.636363636363636,1.0406152008362
"417",234,365776.006,4303909.027,0,0,0,0,0,0,0,6,321,630,512,2835,0.694054377054078,1.65999714163213,-0.636363636363636,1.0406152008362
"418",235,365776.012,4303929.067,0,0,0,6,3,0,0,3,321,630,512,2835,0.694054377054078,1.65999714163213,-0.636363636363636,1.0406152008362
"419",236,365775.957,4303948.959,0,0,0,6,3,0,0,3,289,574,420,2714,0.7319719208679,1.87082042081227,-0.650851581508516,1.09743262637538
"420",236,365775.957,4303948.959,0,0,0,6,0,0,3,0,289,574,420,2714,0.7319719208679,1.87082042081227,-0.650851581508516,1.09743262637538
"421",238,365775.912,4304009.017,0,0,6,0,0,0,1,0,246,525,354,2851,0.779095163806552,1.99504634068392,-0.688981042654028,1.16809605488851
"422",238,365775.912,4304009.017,0,3,6,0,0,0,3,1,246,525,354,2851,0.779095163806552,1.99504634068392,-0.688981042654028,1.16809605488851
"423",239,365776.052,4304029.087,0,4,2,0,3,0,2,3,180,508,304,3042,0.818290496114764,1.94736842105263,-0.713802816901408,1.2268857356236
"424",240,365775.919,4304049.004,0,0,0,5,2,0,0,4,180,508,304,3042,0.818290496114764,1.94736842105263,-0.713802816901408,1.2268857356236
"425",240,365775.919,4304049.004,0,4,2,0,3,0,2,3,180,508,304,3042,0.818290496114764,1.94736842105263,-0.713802816901408,1.2268857356236
"426",240,365775.919,4304049.004,0,5,1,0,0,0,1,3,180,508,304,3042,0.818290496114764,1.94736842105263,-0.713802816901408,1.2268857356236
"427",241,365775.954,4304068.96,1,0,0,6,0,0,2,3,109,392,261,2487,0.810043668122271,1.72051321688051,-0.727683223341438,1.21440261865794
"428",241,365775.954,4304068.96,3,4,3,3,0,0,2,3,109,392,261,2487,0.810043668122271,1.72051321688051,-0.727683223341438,1.21440261865794
"429",242,365776.029,4304088.992,0,3,5,4,0,0,2,2,314,593,540,1520,0.475728155339806,1.01913477537438,-0.438712730714624,0.713073005093379
"430",243,365775.934,4304108.985,0,3,5,4,0,0,2,2,314,593,540,1520,0.475728155339806,1.01913477537438,-0.438712730714624,0.713073005093379
"431",244,365795.95,4303834.934,3,4,4,0,0,0,2,4,225,475,354,2502,0.752100840336134,1.82808510638298,-0.680886798790729,1.12755905511811
"432",244,365795.95,4303834.934,3,0,6,0,0,2,0,0,225,475,354,2502,0.752100840336134,1.82808510638298,-0.680886798790729,1.12755905511811
"433",245,365796.014,4303848.998,3,0,6,0,0,2,0,0,239,504,347,2593,0.763945578231292,1.94863786222454,-0.674523732644495,1.14533401325854
"434",245,365796.014,4303848.998,3,3,3,0,0,0,1,0,239,504,347,2593,0.763945578231292,1.94863786222454,-0.674523732644495,1.14533401325854
"435",246,365795.999,4303868.945,3,3,3,0,0,0,0,3,239,504,347,2593,0.763945578231292,1.94863786222454,-0.674523732644495,1.14533401325854
"436",247,365795.953,4303888.955,0,4,4,0,0,0,0,5,257,510,359,2755,0.769428387925498,2.00972991108874,-0.687595712098009,1.15358690418873
"437",247,365795.953,4303888.955,1,4,1,3,0,0,4,0,257,510,359,2755,0.769428387925498,2.00972991108874,-0.687595712098009,1.15358690418873
"438",248,365796.017,4303909.088,4,4,0,5,3,0,3,3,274,476,337,2555,0.766943291839557,2.19952399841333,-0.685912240184757,1.14981855883878
"439",249,365795.981,4303929.001,0,0,0,6,3,0,0,3,274,476,337,2555,0.766943291839557,2.19952399841333,-0.685912240184757,1.14981855883878
"440",249,365795.981,4303929.001,3,6,0,0,0,0,1,3,274,476,337,2555,0.766943291839557,2.19952399841333,-0.685912240184757,1.14981855883878
"441",250,365796.008,4303949.003,0,3,0,0,2,0,0,6,245,444,311,2427,0.772826880934989,2.15522509676105,-0.690700104493208,1.15860558496076
"442",251,365795.931,4303969.015,0,0,0,0,0,0,0,6,261,530,360,2643,0.76023976023976,2.00650377922306,-0.665931295304129,1.13979031452821
"443",251,365795.931,4303969.015,0,3,0,0,2,0,0,6,261,530,360,2643,0.76023976023976,2.00650377922306,-0.665931295304129,1.13979031452821
"444",251,365795.931,4303969.015,0,3,4,3,0,0,1,5,261,530,360,2643,0.76023976023976,2.00650377922306,-0.665931295304129,1.13979031452821
"445",252,365795.986,4303988.938,0,3,4,3,0,0,1,5,261,530,360,2643,0.76023976023976,2.00650377922306,-0.665931295304129,1.13979031452821
"446",252,365795.986,4303988.938,0,5,4,0,3,0,4,4,261,530,360,2643,0.76023976023976,2.00650377922306,-0.665931295304129,1.13979031452821
"447",253,365795.952,4304028.998,1,3,5,0,0,0,0,0,174,504,301,2954,0.81505376344086,1.9202374059062,-0.708502024291498,1.22201750345463
"448",254,365795.863,4304049.025,0,5,1,0,0,0,1,3,174,504,301,2954,0.81505376344086,1.9202374059062,-0.708502024291498,1.22201750345463
"449",254,365795.863,4304049.025,0,0,6,0,0,0,1,0,174,504,301,2954,0.81505376344086,1.9202374059062,-0.708502024291498,1.22201750345463
"450",255,365796.017,4304068.907,0,0,6,0,0,0,1,0,108,456,269,2909,0.830711139081183,1.77801724137931,-0.728974739970282,1.24547884887561
"451",255,365796.017,4304068.907,2,5,2,0,0,0,2,4,108,456,269,2909,0.830711139081183,1.77801724137931,-0.728974739970282,1.24547884887561
"452",256,365795.952,4304088.909,0,3,5,4,0,0,2,2,170,563,430,2391,0.695143566111308,1.32679296346414,-0.618821936357481,1.04216120460585
"453",256,365795.952,4304088.909,2,5,2,0,0,0,2,4,170,563,430,2391,0.695143566111308,1.32679296346414,-0.618821936357481,1.04216120460585
"454",256,365795.952,4304088.909,1,4,0,0,3,0,2,5,170,563,430,2391,0.695143566111308,1.32679296346414,-0.618821936357481,1.04216120460585
"455",257,365795.996,4304109.01,1,4,0,0,3,0,2,5,170,563,430,2391,0.695143566111308,1.32679296346414,-0.618821936357481,1.04216120460585
"456",257,365795.996,4304109.01,0,0,4,0,1,0,1,5,170,563,430,2391,0.695143566111308,1.32679296346414,-0.618821936357481,1.04216120460585
"457",258,365815.921,4303828.943,3,0,6,0,0,2,0,0,204,404,301,2331,0.771276595744681,1.94742900997698,-0.704570383912249,1.15625593316879
"458",258,365815.921,4303828.943,3,0,0,0,0,3,0,6,204,404,301,2331,0.771276595744681,1.94742900997698,-0.704570383912249,1.15625593316879
"459",258,365815.921,4303828.943,4,0,3,0,0,0,5,0,204,404,301,2331,0.771276595744681,1.94742900997698,-0.704570383912249,1.15625593316879
"460",259,365816.058,4303849.013,3,0,5,1,0,0,4,0,222,472,336,2435,0.757488271382172,1.88420107719928,-0.675266597867217,1.1356176735798
"461",260,365815.908,4303868.928,3,3,3,0,0,0,0,3,222,472,336,2435,0.757488271382172,1.88420107719928,-0.675266597867217,1.1356176735798
"462",260,365815.908,4303868.928,3,0,5,1,0,0,4,0,222,472,336,2435,0.757488271382172,1.88420107719928,-0.675266597867217,1.1356176735798
"463",260,365815.908,4303868.928,3,4,4,1,0,0,2,4,222,472,336,2435,0.757488271382172,1.88420107719928,-0.675266597867217,1.1356176735798
"464",261,365815.975,4303888.918,3,4,4,1,0,0,2,4,233,457,322,2331,0.757255936675462,1.99741499304037,-0.672166427546628,1.13524204181578
"465",261,365815.975,4303888.918,3,4,5,2,0,0,2,0,233,457,322,2331,0.757255936675462,1.99741499304037,-0.672166427546628,1.13524204181578
"466",262,365815.921,4303909.009,4,4,0,5,3,0,3,3,235,472,312,2391,0.769145394006659,2.07941588317664,-0.670275934334614,1.15307820299501
"467",262,365815.921,4303909.009,1,4,0,5,0,0,2,3,235,472,312,2391,0.769145394006659,2.07941588317664,-0.670275934334614,1.15307820299501
"468",263,365815.964,4303928.923,1,4,0,5,0,0,2,3,235,472,312,2391,0.769145394006659,2.07941588317664,-0.670275934334614,1.15307820299501
"469",263,365815.964,4303928.923,1,4,0,4,0,0,2,4,235,472,312,2391,0.769145394006659,2.07941588317664,-0.670275934334614,1.15307820299501
"470",264,365815.942,4303948.867,0,3,0,0,2,0,0,6,216,451,287,2405,0.786775631500743,2.11292897047087,-0.684173669467787,1.17950621867459
"471",264,365815.942,4303948.867,1,4,0,4,0,0,2,4,216,451,287,2405,0.786775631500743,2.11292897047087,-0.684173669467787,1.17950621867459
"472",264,365815.942,4303948.867,1,1,2,5,0,0,1,5,216,451,287,2405,0.786775631500743,2.11292897047087,-0.684173669467787,1.17950621867459
"473",265,365815.944,4303969.137,0,3,4,3,0,0,1,5,247,491,337,2480,0.760738374156904,2.02284311874646,-0.669471558397846,1.14050026609899
"474",266,365816.024,4303989.031,0,5,4,0,3,0,4,4,261,530,360,2643,0.76023976023976,2.00650377922306,-0.665931295304129,1.13979031452821
"475",266,365816.024,4303989.031,3,4,4,0,0,0,0,4,261,530,360,2643,0.76023976023976,2.00650377922306,-0.665931295304129,1.13979031452821
"476",267,365816.041,4304009.002,4,4,0,0,3,0,0,2,241,604,417,3165,0.767169179229481,1.78048464429182,-0.679490581055983,1.15027208036835
"477",268,365815.902,4304028.945,1,3,5,0,0,0,0,0,174,504,301,2954,0.81505376344086,1.9202374059062,-0.708502024291498,1.22201750345463
"478",269,365815.911,4304049.021,0,0,6,0,0,0,1,0,174,504,301,2954,0.81505376344086,1.9202374059062,-0.708502024291498,1.22201750345463
"479",272,365815.998,4304109.06,0,0,4,0,1,0,1,5,170,563,430,2391,0.695143566111308,1.32679296346414,-0.618821936357481,1.04216120460585
"480",274,365835.98,4303809.068,0,0,0,6,0,0,2,0,183,382,261,2956,0.837737022070252,2.13990789264729,-0.771120431396046,1.25601988503961
"481",275,365835.899,4303829.046,4,0,3,0,0,0,5,0,204,404,301,2331,0.771276595744681,1.94742900997698,-0.704570383912249,1.15625593316879
"482",275,365835.899,4303829.046,0,0,0,6,0,0,2,0,204,404,301,2331,0.771276595744681,1.94742900997698,-0.704570383912249,1.15625593316879
"483",276,365836.065,4303848.971,3,0,5,1,0,0,4,0,222,472,336,2435,0.757488271382172,1.88420107719928,-0.675266597867217,1.1356176735798
"484",276,365836.065,4303848.971,0,0,0,6,0,0,2,0,222,472,336,2435,0.757488271382172,1.88420107719928,-0.675266597867217,1.1356176735798
"485",276,365836.065,4303848.971,0,0,0,6,0,0,3,0,222,472,336,2435,0.757488271382172,1.88420107719928,-0.675266597867217,1.1356176735798
"486",277,365836.066,4303869.006,0,0,0,6,0,0,3,0,222,472,336,2435,0.757488271382172,1.88420107719928,-0.675266597867217,1.1356176735798
"487",277,365836.066,4303869.006,2,0,1,0,2,0,5,0,222,472,336,2435,0.757488271382172,1.88420107719928,-0.675266597867217,1.1356176735798
"488",278,365836.039,4303889.073,2,0,1,0,0,0,3,0,233,457,322,2331,0.757255936675462,1.99741499304037,-0.672166427546628,1.13524204181578
"489",279,365835.951,4303909,1,4,0,5,0,0,2,3,235,472,312,2391,0.769145394006659,2.07941588317664,-0.670275934334614,1.15307820299501
"490",279,365835.951,4303909,2,0,1,0,0,0,3,0,235,472,312,2391,0.769145394006659,2.07941588317664,-0.670275934334614,1.15307820299501
"491",279,365835.951,4303909,3,4,3,0,0,0,5,0,235,472,312,2391,0.769145394006659,2.07941588317664,-0.670275934334614,1.15307820299501
"492",280,365836.109,4303929.046,0,5,0,4,0,0,0,5,235,472,312,2391,0.769145394006659,2.07941588317664,-0.670275934334614,1.15307820299501
"493",281,365835.991,4303948.946,0,5,0,4,0,0,0,5,216,451,287,2405,0.786775631500743,2.11292897047087,-0.684173669467787,1.17950621867459
"494",281,365835.991,4303948.946,0,0,0,6,0,0,2,0,216,451,287,2405,0.786775631500743,2.11292897047087,-0.684173669467787,1.17950621867459
"495",282,365835.979,4303968.973,0,0,0,0,0,0,0,6,247,491,337,2480,0.760738374156904,2.02284311874646,-0.669471558397846,1.14050026609899
"496",283,365836.041,4304008.993,4,5,0,0,0,0,0,4,223,574,383,2999,0.773506800709639,1.80488477990893,-0.678701371396585,1.1597458253288
"497",283,365836.041,4304008.993,0,3,0,4,3,0,1,5,223,574,383,2999,0.773506800709639,1.80488477990893,-0.678701371396585,1.1597458253288
"498",284,365836.019,4304028.896,0,3,0,4,3,0,1,5,164,516,324,2777,0.791035149951628,1.75716332378223,-0.686607956270878,1.18597904915391
"499",284,365836.019,4304028.896,0,2,0,4,0,0,2,5,164,516,324,2777,0.791035149951628,1.75716332378223,-0.686607956270878,1.18597904915391
"500",285,365855.973,4303789.04,0,0,0,6,0,0,3,0,177,347,248,2420,0.814092953523238,2.10505911998449,-0.749186844958439,1.22045326840232
"501",286,365855.975,4303808.968,0,0,0,6,0,0,2,0,177,347,248,2420,0.814092953523238,2.10505911998449,-0.749186844958439,1.22045326840232
"502",287,365856.04,4303829.02,0,0,0,6,0,0,2,0,224,394,347,2203,0.727843137254902,1.78187403993856,-0.696572968810166,1.09112286890065
"503",289,365856.008,4303869.044,1,0,0,5,0,0,2,0,247,465,395,2300,0.706864564007421,1.69092845730517,-0.663652802893309,1.05970702762841
"504",290,365855.977,4303888.983,2,0,1,0,0,0,3,0,291,509,437,2342,0.685498380712486,1.71282143499371,-0.642932304454577,1.02769286099622
"505",290,365855.977,4303888.983,1,0,0,5,0,0,2,0,291,509,437,2342,0.685498380712486,1.71282143499371,-0.642932304454577,1.02769286099622
"506",290,365855.977,4303888.983,2,0,5,0,0,0,2,0,291,509,437,2342,0.685498380712486,1.71282143499371,-0.642932304454577,1.02769286099622
"507",291,365855.993,4303909.004,3,4,3,0,0,0,5,0,278,521,432,2535,0.708796764408493,1.72887208155212,-0.659031413612565,1.06265790803436
"508",291,365855.993,4303909.004,2,0,5,0,0,0,2,0,278,521,432,2535,0.708796764408493,1.72887208155212,-0.659031413612565,1.06265790803436
"509",291,365855.993,4303909.004,4,1,5,0,0,0,2,0,278,521,432,2535,0.708796764408493,1.72887208155212,-0.659031413612565,1.06265790803436
"510",292,365856.056,4303928.92,0,5,0,4,0,0,0,5,278,521,432,2535,0.708796764408493,1.72887208155212,-0.659031413612565,1.06265790803436
"511",292,365856.056,4303928.92,4,1,5,0,0,0,2,0,278,521,432,2535,0.708796764408493,1.72887208155212,-0.659031413612565,1.06265790803436
"512",292,365856.056,4303928.92,4,0,4,0,0,0,2,0,278,521,432,2535,0.708796764408493,1.72887208155212,-0.659031413612565,1.06265790803436
"513",293,365856.101,4303949.089,3,5,1,0,0,0,1,0,240,465,345,2439,0.752155172413793,1.93316100443131,-0.679752066115702,1.12762520193861
"514",294,365855.999,4303968.96,0,0,0,4,0,0,2,0,222,451,317,2242,0.752246971473232,1.94209039548023,-0.665057556628296,1.12770943175161
"515",295,365855.899,4303988.898,4,5,0,0,0,0,0,4,222,451,317,2242,0.752246971473232,1.94209039548023,-0.665057556628296,1.12770943175161
"516",295,365855.899,4303988.898,0,0,0,4,0,0,2,0,222,451,317,2242,0.752246971473232,1.94209039548023,-0.665057556628296,1.12770943175161
"517",295,365855.899,4303988.898,0,0,0,6,0,0,2,0,222,451,317,2242,0.752246971473232,1.94209039548023,-0.665057556628296,1.12770943175161
"518",296,365856.032,4304009.113,0,0,0,6,0,0,2,0,230,469,344,2205,0.730090231463319,1.82953204876131,-0.649214659685864,1.09449127622035
"519",297,365855.988,4304029.01,0,2,0,4,0,0,2,5,186,445,355,1959,0.693171996542783,1.48904567396955,-0.629783693843594,1.03908443100842
"520",297,365855.988,4304029.01,0,0,0,6,0,0,2,0,186,445,355,1959,0.693171996542783,1.48904567396955,-0.629783693843594,1.03908443100842
"521",298,365856.015,4304049.019,0,0,0,6,0,0,2,0,186,445,355,1959,0.693171996542783,1.48904567396955,-0.629783693843594,1.03908443100842
"522",299,365876.02,4303889.079,2,0,5,0,0,0,2,0,317,603,533,2842,0.684148148148148,1.57653966953434,-0.649927431059507,1.0257663260773
"523",299,365876.02,4303889.079,3,0,4,0,0,0,5,0,317,603,533,2842,0.684148148148148,1.57653966953434,-0.649927431059507,1.0257663260773
"524",300,365876.048,4303909.069,4,0,5,0,0,0,4,0,263,542,438,2681,0.719140750240462,1.68115724778894,-0.663667390629848,1.07819259734017
"525",301,365875.978,4303928.957,4,0,4,0,0,0,2,0,263,542,438,2681,0.719140750240462,1.68115724778894,-0.663667390629848,1.07819259734017
"526",301,365875.978,4303928.957,4,0,5,0,0,0,4,0,263,542,438,2681,0.719140750240462,1.68115724778894,-0.663667390629848,1.07819259734017
"527",301,365875.978,4303928.957,3,3,3,0,0,0,4,2,263,542,438,2681,0.719140750240462,1.68115724778894,-0.663667390629848,1.07819259734017
"528",302,365876.058,4303949.063,0,1,0,4,0,0,1,5,226,442,313,2305,0.760886172650879,2.00241254523522,-0.678194393884237,1.14067570146975
"529",303,365875.963,4303968.911,0,1,0,4,0,0,1,5,241,451,326,2297,0.751429660693862,2.01574964205359,-0.671761280931587,1.12650028576872
"530",303,365875.963,4303968.911,2,4,3,3,0,0,2,2,241,451,326,2297,0.751429660693862,2.01574964205359,-0.671761280931587,1.12650028576872
"531",304,365875.955,4303988.987,0,0,0,6,0,0,2,0,241,451,326,2297,0.751429660693862,2.01574964205359,-0.671761280931587,1.12650028576872
"532",304,365875.955,4303988.987,1,4,0,3,0,0,2,2,241,451,326,2297,0.751429660693862,2.01574964205359,-0.671761280931587,1.12650028576872
"533",305,365876.155,4304009.039,1,0,0,5,0,0,2,2,241,451,326,2297,0.751429660693862,2.01574964205359,-0.671761280931587,1.12650028576872
"534",306,365876.02,4304028.964,1,0,0,5,0,0,2,2,186,445,355,1959,0.693171996542783,1.48904567396955,-0.629783693843594,1.03908443100842
"535",306,365876.02,4304028.964,0,4,0,4,0,0,2,4,186,445,355,1959,0.693171996542783,1.48904567396955,-0.629783693843594,1.03908443100842
"536",307,365876.001,4304048.819,0,0,0,6,0,0,2,0,186,445,355,1959,0.693171996542783,1.48904567396955,-0.629783693843594,1.03908443100842
"537",307,365876.001,4304048.819,0,4,0,4,0,0,2,4,186,445,355,1959,0.693171996542783,1.48904567396955,-0.629783693843594,1.03908443100842
"538",307,365876.001,4304048.819,0,0,0,0,0,0,2,2,186,445,355,1959,0.693171996542783,1.48904567396955,-0.629783693843594,1.03908443100842
"539",308,365876.1,4304068.969,0,0,0,0,0,0,2,2,268,458,440,1442,0.532412327311371,1.20956059874457,-0.517894736842105,0.7979824794266
"540",308,365876.1,4304068.969,0,4,2,4,0,0,1,3,268,458,440,1442,0.532412327311371,1.20956059874457,-0.517894736842105,0.7979824794266
"541",309,365876.075,4304088.919,0,4,2,4,0,0,1,3,223,496,483,1008,0.352112676056338,0.587905935050392,-0.340425531914894,0.527638190954774
"542",309,365876.075,4304088.919,0,3,0,0,0,0,0,5,223,496,483,1008,0.352112676056338,0.587905935050392,-0.340425531914894,0.527638190954774
"543",310,365896.072,4303848.969,0,0,0,0,6,0,4,0,268,480,405,2420,0.713274336283186,1.77439239168721,-0.668965517241379,1.06934371130373
"544",310,365896.072,4303848.969,0,0,0,0,4,1,3,0,268,480,405,2420,0.713274336283186,1.77439239168721,-0.668965517241379,1.06934371130373
"545",311,365896.064,4303869.116,0,0,0,0,3,4,2,4,268,480,405,2420,0.713274336283186,1.77439239168721,-0.668965517241379,1.06934371130373
"546",312,365895.946,4303889.063,0,0,0,0,3,4,2,4,317,603,533,2842,0.684148148148148,1.57653966953434,-0.649927431059507,1.0257663260773
"547",312,365895.946,4303889.063,1,0,0,4,0,0,2,0,317,603,533,2842,0.684148148148148,1.57653966953434,-0.649927431059507,1.0257663260773
"548",313,365895.915,4303908.94,1,0,0,4,0,0,2,0,263,542,438,2681,0.719140750240462,1.68115724778894,-0.663667390629848,1.07819259734017
"549",313,365895.915,4303908.94,1,5,4,0,3,0,1,0,263,542,438,2681,0.719140750240462,1.68115724778894,-0.663667390629848,1.07819259734017
"550",314,365895.674,4303929.1,3,3,3,0,0,0,4,2,263,542,438,2681,0.719140750240462,1.68115724778894,-0.663667390629848,1.07819259734017
"551",314,365895.674,4303929.1,1,0,0,5,1,0,0,2,263,542,438,2681,0.719140750240462,1.68115724778894,-0.663667390629848,1.07819259734017
"552",315,365896.015,4303948.953,0,1,0,4,0,0,1,5,226,442,313,2305,0.760886172650879,2.00241254523522,-0.678194393884237,1.14067570146975
"553",315,365896.015,4303948.953,1,0,0,5,0,0,0,5,226,442,313,2305,0.760886172650879,2.00241254523522,-0.678194393884237,1.14067570146975
"554",316,365896.085,4303969.009,1,2,0,3,0,0,3,0,241,451,326,2297,0.751429660693862,2.01574964205359,-0.671761280931587,1.12650028576872
"555",317,365896.018,4303988.937,1,2,0,3,0,0,3,0,241,451,326,2297,0.751429660693862,2.01574964205359,-0.671761280931587,1.12650028576872
"556",317,365896.018,4303988.937,0,0,0,5,0,0,2,2,241,451,326,2297,0.751429660693862,2.01574964205359,-0.671761280931587,1.12650028576872
"557",318,365895.924,4304008.997,1,0,0,5,0,0,2,2,241,451,326,2297,0.751429660693862,2.01574964205359,-0.671761280931587,1.12650028576872
"558",318,365895.924,4304008.997,1,0,0,5,0,0,2,2,241,451,326,2297,0.751429660693862,2.01574964205359,-0.671761280931587,1.12650028576872
"559",319,365895.938,4304028.97,0,4,0,4,0,0,2,4,207,439,310,2440,0.774545454545455,1.93883123975969,-0.6950329975686,1.16118480828639
"560",319,365895.938,4304028.97,1,0,0,5,0,0,2,0,207,439,310,2440,0.774545454545455,1.93883123975969,-0.6950329975686,1.16118480828639
"561",322,365895.994,4304088.955,0,3,0,0,0,0,0,5,223,496,483,1008,0.352112676056338,0.587905935050392,-0.340425531914894,0.527638190954774
